Rank,PSA_ID,First_Name,Last_Name,Country,Year_of_Birth,Address,Zip_Code
1,PSA9057,Mostafa,Asal,EGY,2001,"18 High St, Alexandria",11574
2,PSA9086,Ali,Farag,EGY,1993,"411 High St, Giza",11772
3,PSA6447,Diego,Elias,PER,2004,"235 Oak Dr, Cusco",15441
4,PSA1932,Paul,Coll,NZL,1992,"99 Beach Rd, Auckland",1010
5,PSA3884,Marwan,ElShorbagy,EGY,1993,"55 Nile Ave, Cairo",11311
6,PSA7765,Tarek,Momen,EGY,1988,"12 Lotus St, Maadi",11431
7,PSA8820,Victor,Crouin,FRA,1999,"45 Rue de Lyon, Paris",75012
8,PSA1399,Joel,Makin,WAL,1994,"73 Cardiff Rd, Newport",NP10 8XG
9,PSA6233,Mazen,Hesham,EGY,1994,"31 Zamalek St, Cairo",11211
10,PSA5431,Youssef,Ibrahim,EGY,1999,"23 Freedom Rd, Alexandria",11432
11,PSA4738,Nicolas,Mueller,SUI,1989,"90 Lake View, Zurich",8004
12,PSA3186,Saurav,Ghosal,IND,1986,"77 Residency Rd, Kolkata",700025
13,PSA2567,Mohamed,ElShorbagy,ENG,1991,"19 Queen's Walk, Bristol",BS8 1SB
14,PSA9012,Baptiste,Masotti,FRA,1995,"12 Place du Marché, Marseille",13001
15,PSA8777,Eain Yow,Ng,MAS,1998,"38 Jalan Ampang, Kuala Lumpur",50450
